{"cameraMode":{"drawMode":0,"name":"Shaded","section":"Shading Mode"},"sceneLighting":false,"audioPlay":false,"sceneViewState":{"showFog":true,"showMaterialUpdate":false,"showSkybox":false,"showFlares":true,"showImageEffects":true,"showParticleSystems":true},"in2DMode":false,"pivot":{"x":0.0,"y":0.09999990463256836,"z":8.09000015258789},"rotation":{"x":0.5474605560302734,"y":0.11198651790618897,"z":-0.07422985136508942,"w":0.8260020017623901},"size":1.7930662631988526,"orthographic":false}