{"cameraMode":{"drawMode":0,"name":"Shaded","section":"Shading Mode"},"sceneLighting":false,"audioPlay":false,"sceneViewState":{"showFog":true,"showMaterialUpdate":false,"showSkybox":false,"showFlares":true,"showImageEffects":true,"showParticleSystems":true},"in2DMode":false,"pivot":{"x":1.7881393432617188e-7,"y":0.7518342733383179,"z":-0.7195054292678833},"rotation":{"x":-0.7066907286643982,"y":-0.0029721709433943035,"z":0.0029971206095069649,"w":-0.7075223922729492},"size":1.8472340106964112,"orthographic":false}