{"cameraMode":{"drawMode":0,"name":"Shaded","section":"Shading Mode"},"sceneLighting":false,"audioPlay":false,"sceneViewState":{"showFog":true,"showMaterialUpdate":false,"showSkybox":false,"showFlares":true,"showImageEffects":true,"showParticleSystems":true},"in2DMode":false,"pivot":{"x":-31.241498947143556,"y":1.1879154443740845,"z":0.24171358346939088},"rotation":{"x":0.06918320059776306,"y":-0.6536611914634705,"z":0.060161810368299487,"w":0.7512311339378357},"size":2.387845039367676,"orthographic":false}