{"cameraMode":{"drawMode":0,"name":"Shaded","section":"Shading Mode"},"sceneLighting":true,"audioPlay":false,"sceneViewState":{"showFog":true,"showMaterialUpdate":false,"showSkybox":true,"showFlares":true,"showImageEffects":true,"showParticleSystems":true},"in2DMode":false,"pivot":{"x":-16.553319931030275,"y":2.0145177841186525,"z":-3.209489107131958},"rotation":{"x":0.21259598433971406,"y":-0.1340561956167221,"z":0.029461801052093507,"w":0.9674573540687561},"size":7.251580715179443,"orthographic":false}