{"cameraMode":{"drawMode":0,"name":"Shaded","section":"Shading Mode"},"sceneLighting":false,"audioPlay":false,"sceneViewState":{"showFog":true,"showMaterialUpdate":false,"showSkybox":false,"showFlares":true,"showImageEffects":true,"showParticleSystems":true},"in2DMode":false,"pivot":{"x":-0.1512756198644638,"y":0.7525556683540344,"z":0.2738845646381378},"rotation":{"x":-0.7077569961547852,"y":-0.0008486506412737072,"z":0.0008779097115620971,"w":-0.7064676284790039},"size":0.7493428587913513,"orthographic":false}