{"cameraMode":{"drawMode":0,"name":"Shaded","section":"Shading Mode"},"sceneLighting":false,"audioPlay":false,"sceneViewState":{"showFog":true,"showMaterialUpdate":false,"showSkybox":false,"showFlares":true,"showImageEffects":true,"showParticleSystems":true},"in2DMode":false,"pivot":{"x":3.781712293624878,"y":0.7960120439529419,"z":-0.7130510807037354},"rotation":{"x":0.1062949150800705,"y":-0.574663519859314,"z":0.07560434937477112,"w":0.8079541921615601},"size":0.5048497915267944,"orthographic":false}