{"cameraMode":{"drawMode":0,"name":"Shaded","section":"Shading Mode"},"sceneLighting":false,"audioPlay":false,"sceneViewState":{"showFog":true,"showMaterialUpdate":false,"showSkybox":false,"showFlares":true,"showImageEffects":true,"showParticleSystems":true},"in2DMode":false,"pivot":{"x":-0.030891448259353639,"y":-0.07993602752685547,"z":-0.027162879705429078},"rotation":{"x":-0.6851484179496765,"y":0.0034943493083119394,"z":-0.003260429482907057,"w":-0.7284001708030701},"size":1.8472340106964112,"orthographic":false}