{"cameraMode":{"drawMode":0,"name":"Shaded","section":"Shading Mode"},"sceneLighting":false,"audioPlay":false,"sceneViewState":{"showFog":true,"showMaterialUpdate":false,"showSkybox":false,"showFlares":true,"showImageEffects":true,"showParticleSystems":true},"in2DMode":false,"pivot":{"x":0.1345801204442978,"y":0.38203877210617068,"z":0.03693819046020508},"rotation":{"x":0.0008381156367249787,"y":-0.993463397026062,"z":-0.00714044738560915,"w":-0.11401044577360153},"size":0.4343794584274292,"orthographic":false}