{"cameraMode":{"drawMode":0,"name":"Shaded","section":"Shading Mode"},"sceneLighting":false,"audioPlay":false,"sceneViewState":{"showFog":true,"showMaterialUpdate":false,"showSkybox":false,"showFlares":true,"showImageEffects":true,"showParticleSystems":true},"in2DMode":false,"pivot":{"x":-0.11393829435110092,"y":0.3549145758152008,"z":1.093557357788086},"rotation":{"x":-0.00011741626803996041,"y":0.9986133575439453,"z":-0.052785955369472507,"w":-0.0018286360427737237},"size":0.7321792840957642,"orthographic":false}