{"cameraMode":{"drawMode":0,"name":"Shaded","section":"Shading Mode"},"sceneLighting":false,"audioPlay":false,"sceneViewState":{"showFog":true,"showMaterialUpdate":false,"showSkybox":false,"showFlares":true,"showImageEffects":true,"showParticleSystems":true},"in2DMode":false,"pivot":{"x":-0.045034825801849368,"y":-0.17779415845870973,"z":0.016477376222610475},"rotation":{"x":-0.08809617906808853,"y":-0.6643144488334656,"z":0.07930007576942444,"w":-0.737996518611908},"size":1.2247449159622193,"orthographic":false}