{"cameraMode":{"drawMode":0,"name":"Shaded","section":"Shading Mode"},"sceneLighting":true,"audioPlay":false,"sceneViewState":{"showFog":true,"showMaterialUpdate":false,"showSkybox":true,"showFlares":true,"showImageEffects":true,"showParticleSystems":true},"in2DMode":false,"pivot":{"x":4.509027004241943,"y":-0.7400169372558594,"z":-3.708251953125},"rotation":{"x":0.5272043943405151,"y":-0.004574886057525873,"z":0.0028144591487944128,"w":0.8497328758239746},"size":7.218229293823242,"orthographic":false}