{"cameraMode":{"drawMode":0,"name":"Shaded","section":"Shading Mode"},"sceneLighting":false,"audioPlay":false,"sceneViewState":{"showFog":true,"showMaterialUpdate":false,"showSkybox":false,"showFlares":true,"showImageEffects":true,"showParticleSystems":true},"in2DMode":false,"pivot":{"x":-0.6462661027908325,"y":0.7565000057220459,"z":-0.12541531026363374},"rotation":{"x":-0.7077569961547852,"y":-0.0008486506412737072,"z":0.0008779097115620971,"w":-0.7064676284790039},"size":1.900752305984497,"orthographic":false}