{"cameraMode":{"drawMode":0,"name":"Shaded","section":"Shading Mode"},"sceneLighting":true,"audioPlay":false,"sceneViewState":{"showFog":true,"showMaterialUpdate":false,"showSkybox":true,"showFlares":true,"showImageEffects":true,"showParticleSystems":true},"in2DMode":false,"pivot":{"x":4.449341773986816,"y":-0.5939428806304932,"z":-5.004688739776611},"rotation":{"x":-0.011938969604671002,"y":0.9562097191810608,"z":-0.2898394763469696,"w":-0.03936554491519928},"size":4.968192100524902,"orthographic":false}