{"cameraMode":{"drawMode":0,"name":"Shaded","section":"Shading Mode"},"sceneLighting":false,"audioPlay":false,"sceneViewState":{"showFog":true,"showMaterialUpdate":false,"showSkybox":false,"showFlares":true,"showImageEffects":true,"showParticleSystems":true},"in2DMode":false,"pivot":{"x":0.7195053696632385,"y":0.7518342733383179,"z":2.384185791015625e-7},"rotation":{"x":-0.7066907286643982,"y":-0.0029721709433943035,"z":0.0029971206095069649,"w":-0.7075223922729492},"size":0.9472339749336243,"orthographic":false}