{"cameraMode":{"drawMode":0,"name":"Shaded","section":"Shading Mode"},"sceneLighting":false,"audioPlay":false,"sceneViewState":{"showFog":true,"showMaterialUpdate":false,"showSkybox":false,"showFlares":true,"showImageEffects":true,"showParticleSystems":true},"in2DMode":false,"pivot":{"x":-0.32695257663726809,"y":0.03306511044502258,"z":0.09723162651062012},"rotation":{"x":0.004595932085067034,"y":0.9920596480369568,"z":-0.11993459612131119,"w":0.038067832589149478},"size":0.8660282492637634,"orthographic":false}