{"cameraMode":{"drawMode":0,"name":"Shaded","section":"Shading Mode"},"sceneLighting":false,"audioPlay":false,"sceneViewState":{"showFog":true,"showMaterialUpdate":false,"showSkybox":false,"showFlares":true,"showImageEffects":true,"showParticleSystems":true},"in2DMode":false,"pivot":{"x":0.08110880851745606,"y":1.931291103363037,"z":0.1084437370300293},"rotation":{"x":-0.008936800062656403,"y":-0.97222900390625,"z":-0.037634387612342837,"w":0.2308293730020523},"size":1.8781267404556275,"orthographic":false}