{"cameraMode":{"drawMode":0,"name":"Shaded","section":"Shading Mode"},"sceneLighting":false,"audioPlay":false,"sceneViewState":{"showFog":true,"showMaterialUpdate":false,"showSkybox":false,"showFlares":true,"showImageEffects":true,"showParticleSystems":true},"in2DMode":false,"pivot":{"x":-0.578315019607544,"y":0.7537527084350586,"z":-0.13825497031211854},"rotation":{"x":-0.7077569961547852,"y":-0.0008486506412737072,"z":0.0008779097115620971,"w":-0.7064676284790039},"size":2.2007522583007814,"orthographic":false}