{"cameraMode":{"drawMode":0,"name":"Shaded","section":"Shading Mode"},"sceneLighting":true,"audioPlay":false,"sceneViewState":{"showFog":true,"showMaterialUpdate":false,"showSkybox":false,"showFlares":true,"showImageEffects":true,"showParticleSystems":true},"in2DMode":false,"pivot":{"x":0.05474737286567688,"y":0.0038076266646385195,"z":-0.05641995370388031},"rotation":{"x":0.11833781749010086,"y":-0.2706764340400696,"z":0.033545978367328647,"w":0.9548031687736511},"size":0.14150971174240113,"orthographic":false}