{"cameraMode":{"drawMode":0,"name":"Shaded","section":"Shading Mode"},"sceneLighting":false,"audioPlay":false,"sceneViewState":{"showFog":true,"showMaterialUpdate":false,"showSkybox":false,"showFlares":true,"showImageEffects":true,"showParticleSystems":true},"in2DMode":false,"pivot":{"x":-0.06915491819381714,"y":0.941766619682312,"z":-0.08770644664764404},"rotation":{"x":0.02162470482289791,"y":-0.9283480644226074,"z":0.05465551093220711,"w":0.36708971858024599},"size":0.4987853765487671,"orthographic":false}