{"cameraMode":{"drawMode":0,"name":"Shaded","section":"Shading Mode"},"sceneLighting":false,"audioPlay":false,"sceneViewState":{"showFog":true,"showMaterialUpdate":false,"showSkybox":false,"showFlares":true,"showImageEffects":true,"showParticleSystems":true},"in2DMode":false,"pivot":{"x":1.2529869079589844,"y":-0.018844246864318849,"z":-0.08516955375671387},"rotation":{"x":-0.08809617906808853,"y":-0.6643144488334656,"z":0.07930007576942444,"w":-0.737996518611908},"size":4.22474479675293,"orthographic":false}