{"cameraMode":{"drawMode":0,"name":"Shaded","section":"Shading Mode"},"sceneLighting":true,"audioPlay":false,"sceneViewState":{"showFog":true,"showMaterialUpdate":false,"showSkybox":true,"showFlares":true,"showImageEffects":true,"showParticleSystems":true},"in2DMode":false,"pivot":{"x":-0.5681161284446716,"y":-1.004507064819336,"z":0.4992123246192932},"rotation":{"x":-0.009450798854231835,"y":0.7148451805114746,"z":-0.6991656422615051,"w":-0.009659579955041409},"size":6.024354934692383,"orthographic":false}