{"cameraMode":{"drawMode":0,"name":"Shaded","section":"Shading Mode"},"sceneLighting":false,"audioPlay":false,"sceneViewState":{"showFog":true,"showMaterialUpdate":false,"showSkybox":false,"showFlares":true,"showImageEffects":true,"showParticleSystems":true},"in2DMode":false,"pivot":{"x":1.132096767425537,"y":-0.35506778955459597,"z":0.28442269563674929},"rotation":{"x":-0.08809617906808853,"y":-0.6643144488334656,"z":0.07930007576942444,"w":-0.737996518611908},"size":1.524745225906372,"orthographic":false}