{"cameraMode":{"drawMode":0,"name":"Shaded","section":"Shading Mode"},"sceneLighting":false,"audioPlay":false,"sceneViewState":{"showFog":true,"showMaterialUpdate":false,"showSkybox":false,"showFlares":true,"showImageEffects":true,"showParticleSystems":true},"in2DMode":false,"pivot":{"x":-0.17134906351566316,"y":0.7532186508178711,"z":0.16486713290214539},"rotation":{"x":-0.7077569961547852,"y":-0.0008486506412737072,"z":0.0008779097115620971,"w":-0.7064676284790039},"size":1.3007522821426392,"orthographic":false}