{"cameraMode":{"drawMode":0,"name":"Shaded","section":"Shading Mode"},"sceneLighting":false,"audioPlay":false,"sceneViewState":{"showFog":true,"showMaterialUpdate":false,"showSkybox":false,"showFlares":true,"showImageEffects":true,"showParticleSystems":true},"in2DMode":false,"pivot":{"x":-1.8746167421340943,"y":0.538636326789856,"z":2.8189878463745119},"rotation":{"x":-0.00011741626803996041,"y":0.9986133575439453,"z":-0.052785955369472507,"w":-0.0018286360427737237},"size":1.3678207397460938,"orthographic":false}