{"cameraMode":{"drawMode":0,"name":"Shaded","section":"Shading Mode"},"sceneLighting":false,"audioPlay":false,"sceneViewState":{"showFog":true,"showMaterialUpdate":false,"showSkybox":false,"showFlares":true,"showImageEffects":true,"showParticleSystems":true},"in2DMode":false,"pivot":{"x":-0.31696704030036929,"y":0.21938768029212953,"z":0.05214488506317139},"rotation":{"x":0.004595932085067034,"y":0.9920596480369568,"z":-0.11993459612131119,"w":0.038067832589149478},"size":0.5660282373428345,"orthographic":false}