{"cameraMode":{"drawMode":0,"name":"Shaded","section":"Shading Mode"},"sceneLighting":true,"audioPlay":false,"sceneViewState":{"showFog":true,"showMaterialUpdate":false,"showSkybox":true,"showFlares":true,"showImageEffects":true,"showParticleSystems":true},"in2DMode":false,"pivot":{"x":0.7561482191085815,"y":1.7517383098602296,"z":-2.18137264251709},"rotation":{"x":0.06398773193359375,"y":-0.9005027413368225,"z":0.14191590249538423,"w":0.4060424268245697},"size":2.039734125137329,"orthographic":false}